{"cameraMode":{"drawMode":0,"name":"Shaded","section":"Shading Mode"},"sceneLighting":true,"audioPlay":false,"sceneViewState":{"showFog":true,"showMaterialUpdate":false,"showSkybox":true,"showFlares":true,"showImageEffects":true,"showParticleSystems":true},"in2DMode":false,"pivot":{"x":-3.8000924587249758,"y":-5.855226039886475,"z":1.157055139541626},"rotation":{"x":-0.41036975383758547,"y":0.28498733043670657,"z":-0.1367177814245224,"w":-0.8553946614265442},"size":19.309885025024415,"orthographic":false}